customerid,name,transactionid,amount,status,timestamp
837,Jeffrey Harmon,4768872252,164.97,Success,2025-02-05T15:21:24+0800
526,Melissa Jackson,6680692150,412.59,Success,2025-02-05T15:41:25+0800
683,Yolanda Kim,7797888832,938.32,Success,2025-02-05T15:14:01+0800
989,Daniel Osborne,1144089226,317.67,Success,2025-02-05T15:12:45+0800
318,Theresa Lester,9242877664,466.99,Success,2025-02-05T15:17:15+0800
439,Thomas Jimenez,3337410409,365.01,Success,2025-02-05T15:14:43+0800
889,David Soto,9668510116,738.64,Success,2025-02-05T15:52:15+0800
700,Theresa Kramer,7039631994,403.06,Success,2025-02-05T15:17:58+0800
709,Lisa Lawson,6736951211,497.21,Success,2025-02-05T15:59:05+0800
912,Edward Martinez,4631989860,770.89,Success,2025-02-05T15:39:48+0800
635,Kayla Morales,8189329261,196.58,Success,2025-02-05T15:59:25+0800
269,Connor Ruiz,1942333442,479.19,Success,2025-02-05T15:08:02+0800
245,Linda Escobar,5176396409,241.75,Success,2025-02-05T15:22:03+0800
584,Christopher Stewart,1499364059,793.93,Success,2025-02-05T15:28:18+0800
630,Sean Woodard,7177710048,468.0,Success,2025-02-05T15:23:22+0800
780,Ryan Gutierrez,8637669498,892.22,Success,2025-02-05T15:21:09+0800
316,Monica Gonzalez,5233483648,305.98,Success,2025-02-05T15:23:17+0800
558,Jennifer Hamilton,8653556443,486.07,Success,2025-02-05T15:14:06+0800
502,Kyle Walker,6468856708,372.55,Success,2025-02-05T15:51:05+0800
896,Christopher Martinez,4912629458,259.36,Success,2025-02-05T15:43:20+0800
822,Tammy Kelly,9100241352,416.0,Success,2025-02-05T15:09:52+0800
871,Megan Hopkins,3831660242,555.6,Success,2025-02-05T15:44:11+0800
854,Emily Herman,8243115050,353.92,Success,2025-02-05T15:07:25+0800
800,Peter Curry,2918032511,989.0,Success,2025-02-05T15:29:24+0800
436,Robert Parker,8159833490,678.94,Success,2025-02-05T15:44:09+0800
383,John Hopkins,5876101650,747.65,Success,2025-02-05T15:24:13+0800
258,Gary Jones,1263377773,400.55,Success,2025-02-05T15:05:12+0800
348,Jeremy Peterson,7873997147,972.97,Success,2025-02-05T15:31:45+0800
660,Thomas Everett,7387855225,992.73,Success,2025-02-05T15:05:25+0800
261,Douglas Thomas,9455011714,773.0,Success,2025-02-05T15:13:33+0800
978,Joseph Robinson,5526942576,297.84,Success,2025-02-05T15:05:50+0800
829,Nathan Smith,2414962023,133.49,Success,2025-02-05T15:55:06+0800
715,Todd Price,5430896299,720.87,Success,2025-02-05T15:20:47+0800
401,James Boyd,5888474183,679.92,Success,2025-02-05T15:51:33+0800
507,Casey Campos,1328879146,164.66,Success,2025-02-05T15:59:51+0800
358,Jesse Hunt,7477257211,106.0,Success,2025-02-05T15:15:21+0800
603,Laurie Riley,5396330010,568.0,Success,2025-02-05T15:12:56+0800
666,Paula Taylor,5320374391,349.67,Success,2025-02-05T15:37:01+0800
358,Jesse Hunt,5857264111,890.85,Success,2025-02-05T15:31:59+0800
737,Mr. Trevor Edwards,9899418130,447.07,Success,2025-02-05T15:33:14+0800
358,Jesse Hunt,8154962135,514.49,Success,2025-02-05T15:09:11+0800
579,Victor David,6694364649,649.38,Success,2025-02-05T15:12:29+0800
577,Erin Ponce,6740576300,693.0,Success,2025-02-05T15:38:55+0800
526,Melissa Jackson,4716024914,329.29,Success,2025-02-05T15:42:03+0800
667,Martin Guzman,9890583617,709.48,Success,2025-02-05T15:28:13+0800
358,Jesse Hunt,1999250040,781.5,Success,2025-02-05T15:18:08+0800
819,John Miller,8402564712,965.31,Success,2025-02-05T15:22:16+0800
394,Jacob Clements,1116643018,289.25,Success,2025-02-05T15:30:47+0800
807,Regina Dean,2038530283,702.69,Success,2025-02-05T15:20:41+0800
413,Kimberly Wells,7711925054,279.67,Success,2025-02-05T15:33:58+0800
966,Jared Hendrix,8095212280,680.14,Success,2025-02-05T15:50:09+0800
523,David King,1220825550,625.81,Success,2025-02-05T15:49:00+0800
804,William Hill,3657803328,379.01,Success,2025-02-05T15:21:06+0800
953,Ann Valencia,1747042228,320.95,Success,2025-02-05T15:18:51+0800
617,Kimberly Clark,8026780269,369.82,Success,2025-02-05T15:51:34+0800
228,Courtney Gordon,2017970206,888.81,Success,2025-02-05T15:49:20+0800
396,Francisco Hartman,5733787739,383.37,Success,2025-02-05T15:27:44+0800
173,Emily Everett,3658849135,267.12,Success,2025-02-05T15:37:40+0800
633,Jonathan Reyes,5255880078,670.14,Success,2025-02-05T15:38:29+0800
577,Erin Ponce,6156480414,358.05,Success,2025-02-05T15:20:39+0800
724,Joe Cantu,2120407950,910.25,Success,2025-02-05T15:08:10+0800
642,Anthony Rodriguez,3314496188,563.35,Success,2025-02-05T15:20:20+0800
638,Morgan Williams,4197075672,436.57,Success,2025-02-05T15:52:12+0800
675,Sophia Frazier,3496322892,839.37,Success,2025-02-05T15:56:35+0800
686,Isaac Johnson,5147789648,932.81,Success,2025-02-05T15:23:50+0800
841,Jennifer Clark,2724946832,201.31,Success,2025-02-05T15:32:08+0800
269,Connor Ruiz,8770816645,105.0,Success,2025-02-05T15:59:30+0800
269,Connor Ruiz,5048906920,321.4,Success,2025-02-05T15:17:26+0800
373,Sarah Palmer,6563471184,761.0,Success,2025-02-05T15:00:58+0800
811,Charles Peterson,6501987306,160.07,Success,2025-02-05T15:10:46+0800
925,Tracey Thompson,6231286914,376.0,Success,2025-02-05T15:03:37+0800
917,Rita Taylor,1812787298,290.72,Success,2025-02-05T15:06:38+0800
545,Emma Jones,1346807739,417.83,Success,2025-02-05T15:47:17+0800
239,Michelle Haley,8954269907,711.81,Success,2025-02-05T15:52:54+0800
724,Joe Cantu,7479113208,433.01,Success,2025-02-05T15:18:07+0800
801,Alyssa Miller,2226341707,914.81,Success,2025-02-05T15:57:38+0800
200,Angela Bell,1712662878,637.68,Success,2025-02-05T15:14:55+0800
577,Erin Ponce,3572232938,822.36,Success,2025-02-05T15:44:22+0800
307,Martin Haynes,6323534822,850.83,Success,2025-02-05T15:03:05+0800
766,Joseph Matthews,2124556313,322.63,Success,2025-02-05T15:36:59+0800
830,Corey Reynolds,8864492594,581.0,Success,2025-02-05T15:01:07+0800
710,Jane Kelley,2345235744,125.59,Success,2025-02-05T15:41:05+0800
283,Robert Turner,6408944158,866.69,Success,2025-02-05T15:55:28+0800
375,Melanie Hall,5570711216,328.48,Success,2025-02-05T15:05:26+0800
526,Melissa Jackson,9762479618,635.0,Success,2025-02-05T15:54:22+0800
993,Amber Richards,2902985356,968.91,Success,2025-02-05T15:16:36+0800
703,Michelle James,1735069206,290.0,Success,2025-02-05T15:21:27+0800
155,Tyler Bernard,1312063784,773.7,Success,2025-02-05T15:16:01+0800
496,Stanley Glenn,8018685096,102.0,Success,2025-02-05T15:03:53+0800
501,Annette Moore,6102596157,884.88,Success,2025-02-05T15:33:31+0800
564,Karen Shea,4744344162,396.68,Success,2025-02-05T15:29:15+0800
773,Kim Cohen,4253194033,421.47,Success,2025-02-05T15:16:13+0800
156,Misty Hicks,7189517536,484.81,Success,2025-02-05T15:43:26+0800
577,Erin Ponce,1225891774,445.08,Success,2025-02-05T15:13:59+0800
269,Connor Ruiz,7813198582,559.54,Success,2025-02-05T15:42:33+0800
271,Nicole Rios,4100026498,254.51,Success,2025-02-05T15:06:13+0800
577,Erin Ponce,2263669616,543.29,Success,2025-02-05T15:00:03+0800
648,Laurie Holt,4456260008,848.0,Success,2025-02-05T15:12:15+0800
611,Jonathan Callahan,9100113127,928.06,Success,2025-02-05T15:55:27+0800
358,Jesse Hunt,6226551432,281.36,Success,2025-02-05T15:33:37+0800
